full_name,gender,country,dob,age,email
Norma Fisher,unknown,unknown,11-19-1971,20.0,thull@yahoo.com
Steven Robinson,female,united kingdom,09-28-1963,43.0,katelynmontgomery@yahoo.com
Ms. Michele Guzman,unknown,canada,04-06-1964,40.0,blairrachel@hotmail.com
Justin Gomez,female,united states,1975/10/13,36.0,hramos@brown-sellers.com
Ryan Page,male,united states,25/09/1999,52.0,vclayton@cross.com
Keith Allen,male,united states,17/12/1963,24.0,millerluke@hotmail.com
Mrs. Elizabeth Carter MD,male,united states,27/11/1976,48.0,sean96@johnston-roberts.com
Amanda Zavala,female,united states,17/12/1971,45.0,daviskatherine@gmail.com
Sarah Villanueva,female,united states,01-19-1991,46.0,aimee33@hotmail.com
Tiffany Riley,unknown,united kingdom,03/12/1984,21.0,christopher91@yahoo.com
Gabriela Lee,unknown,united kingdom,14-05-1955,23.0,thorntonnathan@gmail.com
Robert Garcia,male,unknown,22-03-1964,57.0,montoyacynthia@guzman.com
Laura Myers,female,canada,1979/06/14,64.0,jacobsjames@robbins.com
Amy Shelton,female,united states,1991/04/20,54.0,huffchad@gmail.com
Hayley White,male,united states,1988/07/14,69.0,carlsonholly@yahoo.com
Ian Dennis,female,united kingdom,13-01-1993,23.0,tammybrown@moore.com
Jessica Thompson,female,united kingdom,05-11-1986,24.0,deborah64@gmail.com
Alexandria Harmon,female,united kingdom,14/02/1977,63.0,dennis75@roberts.org
Eric Goodman,male,united kingdom,21/07/1998,44.0,wheelerholly@allen.info
Shawn Carroll,female,united states,19/06/1982,46.0,ksavage@barton-fletcher.com
David Moore,male,unknown,01/03/1990,54.0,hensontroy@yahoo.com
Amber Carson,male,canada,1982/07/07,30.0,monroedavid@morales.biz
Daniel Love,unknown,united states,04-06-1954,57.0,davidbanks@ramirez-good.com
Thomas Burton,male,canada,10-01-1955,22.0,hmarsh@yahoo.com
Joseph Curtis,male,united states,1977/11/18,20.0,joshuasmith@harris.net
Jacob Bradley,unknown,united states,02-14-1957,44.0,xbowman@hotmail.com
James Carter,male,united kingdom,08/09/1963,51.0,mathew51@chan-johnson.com
William Roberts,unknown,united states,1981/02/16,61.0,danny30@white-mills.com
Russell Evans,female,unknown,28/08/1961,46.0,zwells@martinez-wilson.info
Eric Navarro,female,canada,09-11-1964,38.0,odrake@jones.com
Amy Smith,female,united states,01-23-1981,55.0,ymora@hotmail.com
Claudia Miller,male,canada,1969/03/30,33.0,ryanhoward@gmail.com
Sarah Johnson,male,canada,17-01-1990,63.0,davidsanders@gmail.com
Yolanda Salinas,male,canada,1996/09/08,39.0,gonzaleznicholas@wilcox.info
Jared Frazier,female,united states,25-09-1989,68.0,martha73@hotmail.com
Colleen Peterson,male,united states,05-02-2005,44.0,austin24@hotmail.com
Sarah Aguilar,female,united kingdom,18-02-2003,19.0,marshzachary@gmail.com
Carlos Turner,male,united states,27-11-2005,43.0,michelle27@yahoo.com
Stephanie Shaw,male,canada,25-04-1993,20.0,burgessrebecca@roberts.biz
Karen Gibbs,female,united states,1980/09/14,29.0,sandovalaaron@turner.com
Johnny Green,male,united states,11-14-1974,31.0,dpatrick@gmail.com
Bethany Mitchell,male,united states,29-12-1976,52.0,olsondonald@love.com
Logan Hughes,female,united states,19/06/1957,22.0,bosborne@george.com
Joshua Reed,male,united states,09/05/1980,40.0,ibarrachelsea@yahoo.com
Taylor Santos,female,united states,16-09-2000,50.0,susanhughes@yahoo.com
Shelia Becker,female,united states,15-07-1962,62.0,caseysean@gibson.com
Stephanie Williams,female,united states,23/08/1971,40.0,jerryfrank@chan.com
Brianna Snow,male,united kingdom,1982/12/26,62.0,perrycory@navarro.info
Jason Crawford,male,united states,06-05-1976,68.0,gomezdavid@hotmail.com
Gregory Smith,male,united states,1969/12/12,39.0,carlsondouglas@gmail.com
Michael Mays,female,canada,24-08-1962,56.0,mike09@villarreal.info
Gregory Haley,female,united states,14-02-1963,48.0,michaelkennedy@phillips-johns.net
Catherine Kaiser,male,unknown,30/03/1961,59.0,nicholasthomas@gmail.com
Emily Sanchez,female,unknown,19/08/2005,27.0,nathan02@smith.biz
Jason House,female,united states,06-27-1994,65.0,dana13@yahoo.com
Mandy Rice,male,canada,18-11-1979,52.0,butlerjessica@yahoo.com
Jacob Farley,female,united states,1960/06/17,66.0,hillangela@moore.com
Jessica Wright,female,canada,13/02/1985,61.0,michaelwelch@gmail.com
Mr. Aaron Hale,female,united states,14/05/1996,42.0,robinsondanny@hotmail.com
Lee Coleman,male,unknown,23-05-2005,18.0,gregorykathleen@gmail.com
Jennifer Chen,female,united states,26/09/1955,28.0,nicole00@ross-zamora.biz
Paul Gomez,male,united states,08-28-2005,42.0,johnsonlaura@ferguson-wilson.com
Pamela Jones,male,unknown,23-12-1973,43.0,audreyburton@hotmail.com
Tyler Stephens,unknown,unknown,19-09-2004,28.0,scott92@gmail.com
Bryan Morales,female,united states,08/02/1986,62.0,michael76@woods.net
Matthew Brown,male,united kingdom,09-10-1974,53.0,nwilliams@johnson.biz
Alexandra Rose,female,united states,14-10-1958,49.0,csmith@oliver.com
Cristina Walton,female,canada,11-09-1973,21.0,hamiltonjennifer@jackson-fisher.biz
Timothy Hernandez,unknown,unknown,1975/10/10,53.0,reneewallace@simmons-vasquez.com
Jessica Harris,male,united states,2002/07/31,18.0,ojohnson@pitts.com
Megan Hall,female,unknown,06/07/1974,18.0,kelsey56@brown-terry.net
Taylor Carpenter,male,united states,16-08-1987,44.0,rlewis@gmail.com
Christopher Smith,male,united kingdom,23-10-1998,30.0,brycepatterson@arellano.net
Jody Morgan,male,united states,24/03/1961,35.0,marcus75@johnson-williams.com
Sergio Reed,male,united states,26-12-1967,48.0,larry64@yahoo.com
Micheal Williams,unknown,unknown,29-10-1991,19.0,murrayjenny@stark.info
Bruce Miller,female,united kingdom,24-12-1960,44.0,nhenson@salazar-meyers.net
Sandra Williams,female,united states,16/07/1966,25.0,rrobinson@flores-graham.net
Lisa Mccormick,unknown,united states,26/08/2002,44.0,dpalmer@hotmail.com
Denise Smith,male,united states,08-02-1996,31.0,jessicawright@hobbs-osborn.com
Kaylee Trevino,male,canada,21/07/1962,41.0,david95@gmail.com
Michele Guerrero,female,united states,05-04-1969,63.0,holmesemily@brooks.com
Breanna Smith,male,united kingdom,08-14-1988,41.0,brenda02@yahoo.com
Christopher Esparza,unknown,united kingdom,1963/06/28,31.0,shudson@young.com
Heather Garza,female,canada,24-01-1997,26.0,jensenanthony@hotmail.com
Jesus Smith,male,canada,28/03/1969,39.0,vlamb@payne-padilla.com
Larry Warner,unknown,canada,18-10-1975,39.0,nacevedo@gmail.com
Paul Wright,unknown,united states,14-04-1984,35.0,max24@kelly.com
Brittany Johnson,male,united states,26/12/1996,41.0,allenalexander@murphy.biz
Thomas Cole,female,united kingdom,1963/12/06,36.0,gregory56@yahoo.com
Steven Ferguson,male,united kingdom,2004/04/28,21.0,cunninghamdavid@yahoo.com
Jonathan Howell,female,united states,24-04-1999,37.0,riveramary@wright.com
Sara Hoffman,female,canada,09/02/2003,44.0,mpennington@oliver.com
Amanda Peterson,male,united states,06-26-2004,48.0,garrettpamela@yahoo.com
Edward Hernandez,female,canada,02-05-1970,48.0,jillsullivan@yahoo.com
Terry Smith,male,united kingdom,05-09-1990,20.0,xmadden@hotmail.com
Deborah Mcdaniel,female,canada,1985/04/15,28.0,powelltyler@gmail.com
Zachary King,male,unknown,25-07-2000,22.0,kathrynblack@yahoo.com
Valerie Clark,unknown,united states,1992/10/12,65.0,brendacortez@hotmail.com
Carla Parrish,male,united states,09-05-1964,18.0,richardsbrett@gmail.com
Heidi Garrett,male,unknown,30/03/1976,46.0,kburke@gmail.com
Laura Ramos,female,united states,06-29-1977,23.0,qbrowning@osborne.net
Diana Greer,female,united states,19/04/1990,55.0,hopkinseric@david.net
Nicole Baker,unknown,united states,08-27-1973,30.0,tosborne@shah-medina.net
Gordon Thornton,female,united states,22-08-1983,44.0,bradyeric@miles.info
Kristina Jenkins,unknown,united states,01-21-1996,66.0,coxtina@frazier.com
Kathleen Simon,male,united states,22-03-1971,49.0,jacob61@west.net
Rita Garcia,female,canada,1967/01/28,59.0,bmclean@foster.com
Ann Johnson,male,united states,1955/01/04,24.0,kathrynhughes@hotmail.com
Jean Beard,male,united kingdom,11-16-1956,41.0,maria29@hotmail.com
Rodney Sanders,female,united states,06-10-1989,56.0,millermichelle@smith-lee.com
Kaitlin Edwards,female,united states,12-29-1955,58.0,wwhitehead@hotmail.com
Michael Larson,male,unknown,10-08-1981,61.0,martinpatricia@yahoo.com
Michelle Cummings,female,united kingdom,12-05-2003,58.0,wherring@hess.com
Dean Graves,male,united states,1971/07/17,18.0,jlutz@yahoo.com
Amanda Richards,female,canada,02/12/1997,20.0,lisa13@gibbs.net
Gene Rios,female,united states,09/09/1986,56.0,hoovermatthew@garcia.com
Gabriella Gray,unknown,united states,11-25-1978,55.0,loganjohnson@martinez.com
Antonio Collins,female,united kingdom,08-10-1980,69.0,michaelconley@russell.com
Lisa Scott,male,united kingdom,05-05-1975,22.0,dwhite@yahoo.com
James Howard,male,united states,29-08-1962,37.0,andrew69@valdez.net
Melissa Alvarez,male,united kingdom,13/10/1957,44.0,anthony81@gmail.com
Tyler Ruiz,male,united states,07-06-1956,41.0,susan06@moore-kelley.com
Richard Moore,female,unknown,11-07-2000,54.0,sonya76@perez.com
Vincent Bell,male,united kingdom,25-05-1965,65.0,kcox@gmail.com
Randy Martin,female,united states,24/12/1993,52.0,lhiggins@smith.net
Anthony Frost,female,unknown,04-04-1993,44.0,emilyjames@barnes.com
Tammy Cox,unknown,unknown,1969/01/03,44.0,andersonashlee@yahoo.com
Jessica Graham,unknown,united states,29-04-1986,65.0,sabrinaallen@yahoo.com
Kevin Houston,male,canada,13/01/1973,39.0,munozkimberly@gmail.com
Levi Dillon,male,united kingdom,08/11/1980,44.0,thomasphilip@simon-bray.biz
Michelle Munoz,female,unknown,03-31-1965,69.0,thomas29@gill-rodriguez.com
Mark Miranda,female,united states,1997/02/25,59.0,nataliescott@silva.com
Amanda Jenkins,male,united states,17/10/1979,64.0,dennis19@martin-jordan.biz
Martin Mann,unknown,canada,24-07-1959,20.0,garyclark@gmail.com
Chad Snyder,female,unknown,1996/09/06,49.0,gabrielle64@gmail.com
Jonathan Rivera,unknown,united states,2001/07/27,69.0,vrollins@torres.com
John Torres,female,unknown,04-03-1982,57.0,vegaeric@gmail.com
Madison Pollard,female,unknown,06-15-1989,21.0,caitlinmorrison@rodriguez.biz
Andrew Wilson,male,united kingdom,1978/11/28,19.0,daniel75@hotmail.com
Mary Burnett,male,united states,29/10/1969,24.0,deleonwilliam@johnson.com
Kelly Franklin,male,united kingdom,03/06/1968,30.0,lbaker@gmail.com
Carolyn Alexander,female,united kingdom,30-11-1957,21.0,schneiderrichard@gmail.com
Joy Castillo,female,united kingdom,11/03/1961,59.0,zpierce@yahoo.com
David Diaz,male,canada,1974/11/05,42.0,ejones@long-benton.net
John Olsen,unknown,canada,15-06-1974,51.0,lisa20@taylor.biz
Nicole Henry,unknown,united states,31-03-2001,68.0,xhansen@brennan-jennings.com
Ryan Collins,female,united kingdom,19/07/1969,66.0,gkelly@davis-torres.biz
Jacob James,male,united kingdom,09/11/2005,68.0,keithgonzalez@keller-harrington.com
Carl Osborne,male,united states,25-07-1981,20.0,tperez@yahoo.com
Heather Ramirez,female,canada,17-07-1981,51.0,castillokelly@yahoo.com
Timothy Paul,male,united states,1977/04/09,23.0,danielreyes@yahoo.com
Joel Walls,unknown,united kingdom,10-09-1992,50.0,fshaw@edwards.com
Evan Macdonald,female,united states,1969/09/26,45.0,johnstonbilly@gmail.com
Nicholas White,female,unknown,27-07-1966,24.0,hallbradley@yahoo.com
Beverly Underwood,female,united states,30-06-1995,44.0,figueroajames@meyer.biz
Christopher Young,unknown,united states,14-07-1982,68.0,baguirre@gmail.com
Preston Gilbert,female,unknown,08-03-1972,19.0,jane57@taylor.com
Denise Schwartz,female,canada,05/07/1996,23.0,qclark@harris-romero.com
Melissa Wells,female,united states,25-11-1988,40.0,jwhite@yahoo.com
David Miller,male,united states,28/08/1988,40.0,shawnbell@yahoo.com
Nathaniel Smith,male,united states,1981/10/24,44.0,rubenking@yahoo.com
Jeremy Ward,female,united states,1987/05/08,31.0,lopezsarah@nunez.com
Marc Martin,male,united states,25-02-1986,65.0,robertlee@yahoo.com
Travis Barton,male,canada,30/04/1977,62.0,isaac89@hamilton.org
Linda Johnson,male,united states,1987/06/16,29.0,aaronbrown@gmail.com
Michael Walker,female,united states,11-04-2000,40.0,omiddleton@mcclure-morgan.com
Justin Kelly,male,canada,1984/01/30,19.0,ubranch@yahoo.com
Daniel Wilson,male,canada,11/11/1964,48.0,nzimmerman@yahoo.com
Alison Clark,female,canada,28/04/1982,29.0,cynthiayu@hotmail.com
Marvin Burns,female,united states,18-02-1980,52.0,jacobsjessica@harris.com
Patrick Saunders,female,canada,1970/07/15,42.0,eric41@west.biz
Jonathon Morgan,male,united states,1994/06/06,38.0,williamsleslie@hotmail.com
Amy Kaiser,female,united states,1986/11/21,66.0,paul01@yahoo.com
Taylor Anderson,male,canada,28/11/1963,44.0,thorntonjohn@nelson.com
Mandy Mcgee,male,united states,1991/02/16,56.0,zachary02@weiss-walsh.com
Gregory Carney,male,unknown,04-01-1996,62.0,kingdalton@gmail.com
Laurie Washington,male,united states,08-31-1989,37.0,colin32@alvarado.info
Derrick Kaufman,female,unknown,1977/12/24,55.0,stevenedwards@hill.com
Robert Parker,female,canada,02/05/2002,23.0,milleralexis@gmail.com
Donald Harris,male,united kingdom,04/01/1992,58.0,gdavis@hotmail.com
Barbara Watkins,female,united states,10-07-1985,44.0,kennethfuller@hotmail.com
Amanda Houston,male,unknown,16/09/1997,46.0,pittsdonna@yahoo.com
Martha Mitchell,male,canada,22/06/2002,48.0,jordanbrown@barnes-aguilar.com
Susan Patel,male,united states,21-10-1984,35.0,hbrooks@hall.biz
Brad Garcia,male,united kingdom,1966/09/10,68.0,wsmith@fox-martinez.com
Mr. Jeffrey Terry DVM,male,united kingdom,06-10-1965,29.0,johnwalker@yahoo.com
Charlotte Bird,unknown,unknown,04-18-1991,29.0,jessehoover@schaefer-thornton.com
Justin Ibarra,male,united kingdom,30/10/1993,51.0,alexandriaschroeder@harmon.com
Christopher Wagner,male,canada,09-21-1968,58.0,fgarcia@hotmail.com
Roger Miller,male,united states,02-01-2005,66.0,rcole@dudley-stanley.com
Stephanie Moore,male,canada,11-10-1970,44.0,gillbrian@steele.info
Stephanie Stanley,male,united kingdom,01-30-1995,18.0,georgemichael@yahoo.com
Victor Shaw,male,canada,06-02-2001,67.0,andrewroman@gmail.com
Gina Turner,male,canada,1963/09/29,45.0,sharon55@hotmail.com
Jennifer Morales,male,united kingdom,23-05-1988,61.0,jacobrobinson@hotmail.com
Charles Harper,female,united states,10-01-2005,35.0,jonathon47@hotmail.com
Rachel Lee,male,united states,02-10-1971,35.0,smithcarla@yahoo.com
Terri Petersen,male,united states,01-01-1969,34.0,rebeccastanley@cain.com
Thomas Jackson,female,united kingdom,05-22-1975,46.0,vmorrow@garrison-miller.biz
Melissa Tate,male,canada,27/03/1955,36.0,joanna63@yahoo.com
Christopher Barrett,unknown,united states,22-11-1995,20.0,rebeccabrown@hotmail.com
Matthew Galvan,male,canada,15/06/1988,52.0,ocollins@howe.com
Emily Whitney,female,united states,2005/02/05,66.0,mrowland@yahoo.com
Matthew Ellis,male,united states,08-13-2005,44.0,huntangelica@franklin-fisher.com
Jennifer Martinez,female,canada,1998/12/18,54.0,robersonjulie@phillips-daniel.biz
Richard Reid,female,united states,27-11-1988,44.0,williamsalexis@beasley.biz
Karen Johnson,male,united kingdom,04-07-1997,65.0,warnerdawn@andersen.com
Richard Anderson,unknown,canada,07/01/2004,46.0,isullivan@gmail.com
Jill Daniels,female,united states,1992/05/29,25.0,briannajackson@ray.com
Jamie Smith,male,united states,07-26-1997,43.0,walterdanielle@barton.com
Ashley Cook,female,united kingdom,2004/08/23,53.0,markpotter@gmail.com
David Rivera,male,canada,13/04/1987,58.0,millersamuel@yahoo.com
Kristen Stone,female,unknown,1969/03/10,48.0,gpoole@hernandez-jones.com
Matthew Wilson,female,united kingdom,24/11/1958,49.0,michael76@hotmail.com
Natasha Conway,male,united states,01-10-1986,37.0,kimberlyjohnson@yahoo.com
Holly Sparks,male,united kingdom,25-09-1954,57.0,alvarezmicheal@sanchez.com
Amanda Diaz,male,united states,18/06/1977,48.0,awebb@gmail.com
Patricia Pena,female,united states,02-10-1986,61.0,sandrajuarez@yahoo.com
Yolanda Martin,unknown,united states,06-24-1980,18.0,blewis@hotmail.com
Marcus Petersen,female,united states,01-12-1999,57.0,ustewart@bradley-grimes.com
Jenna Richardson,male,canada,09/05/1974,64.0,jonathanallen@glenn.com
Lori Thomas,male,united states,03/11/1970,30.0,andrea89@english.info
Christopher Howard,male,unknown,03-19-1971,63.0,sconway@hill-harris.biz
Alex Lee,female,unknown,1967/09/02,39.0,gmiller@barker-barnes.com
Natalie Graves,female,unknown,2001/09/12,46.0,boyerdarin@gmail.com
Christopher Adams,male,united states,10/04/2003,26.0,amy67@yahoo.com
Michael Barber,male,united states,01-03-1997,40.0,bondbrandi@sosa-velasquez.com
Cynthia Williams,unknown,unknown,10-05-1960,69.0,cabreramonica@hotmail.com
Steven Dunlap,female,unknown,1995/11/07,68.0,kenneth29@taylor.com
Eric Navarro III,male,united kingdom,1959/08/08,55.0,ldickson@harrell.com
Karen Martinez,male,united states,09-16-2004,20.0,roachholly@hotmail.com
Rebecca Doyle,male,united states,1954/07/17,41.0,joylowe@martinez-washington.com
Tiffany Santiago,male,united states,1985/05/03,57.0,phall@hotmail.com
Megan Lopez,female,united states,25/01/1978,67.0,michael94@gmail.com
James Thompson,female,unknown,01-03-1962,21.0,jenniferhardin@thomas-green.net
Rick Stevenson,male,united kingdom,04-20-1972,55.0,nicholas05@yahoo.com
Janet Martinez,female,united kingdom,27/07/2002,63.0,torresscott@hinton.com
James Hunter,female,united states,05/01/1986,35.0,harrisjohn@gray.com
Colleen Davis,male,united states,16-01-1961,28.0,andreameyer@reynolds.com
Kaitlin Mccoy,female,united states,24/03/1956,59.0,tina30@gmail.com
Joseph Lewis,male,united states,28-09-1954,68.0,shawndavis@huff-roberts.com
Teresa Merritt,female,united states,07-04-1974,53.0,serranomitchell@valdez.com
Kari Thomas,male,united kingdom,1997/05/13,39.0,darrellmorris@hotmail.com
Heather Shepherd,female,united states,21-04-1967,68.0,adrienne66@johnson-alexander.com
Brittney Lopez,female,canada,04-03-1995,38.0,eric29@yahoo.com
Daniel David,female,united states,29-09-1963,30.0,cgiles@yahoo.com
Laura Fleming,female,united states,1998/04/26,44.0,snyderabigail@valencia.org
Roberto Mclaughlin,female,canada,1971/09/29,44.0,johnmartinez@hotmail.com
Penny Moore,male,canada,23/01/1988,37.0,perezjasmine@wang.com
Rita Vargas,female,unknown,01/05/1966,48.0,ramirezjoseph@ray-scott.biz
Michelle Thomas DVM,female,united states,02-04-1958,37.0,jonathan66@gmail.com
Miss Christy Davis,female,united states,26-04-2003,47.0,moniquelewis@dickson-smith.com
Joseph Krause,female,united kingdom,20-08-2002,69.0,tbradshaw@gmail.com
Mark Young,female,united kingdom,04-24-1998,46.0,christopher27@gmail.com
Mason Williams,male,united states,13-02-2007,33.0,kmcdonald@hotmail.com
Caitlin Smith,male,united states,07-17-1961,31.0,james74@hotmail.com
Lee Adams,female,united states,12-19-1965,53.0,matthewerickson@sandoval.com
Nathan Lee,unknown,unknown,09-03-1982,29.0,wrightkathleen@alexander-mcdaniel.com
Jeffrey Diaz,male,united kingdom,1961/06/12,26.0,aanderson@trevino.biz
Anne Brown,unknown,canada,06/06/1974,38.0,joshua18@byrd.com
George Bradford,female,united states,13/10/1970,57.0,kgreen@yahoo.com
Brian Rodriguez,female,united states,31/07/2003,67.0,amy84@garcia.com
Danielle Copeland,female,united kingdom,10-23-2000,52.0,dmartin@strong-benson.info
Laura Castro,male,canada,17/05/1955,32.0,collinscrystal@clark-cummings.com
Kristopher Castro,male,united states,23-04-1979,29.0,abowman@fisher.com
Kaitlyn Farrell,male,unknown,2004/06/13,31.0,melvin22@gmail.com
Erica Johnson,female,united states,07-15-1986,44.0,andrewgarcia@hotmail.com
Stephanie Gonzalez,male,united states,09-17-1980,59.0,antoniogutierrez@yahoo.com
Sherri Richardson,female,united states,12/09/1967,32.0,henrydavid@ball.net
Douglas Miller,male,united kingdom,26/10/1955,32.0,jocelyn03@hotmail.com
Phillip Clay,male,united states,08-10-1982,51.0,caleb01@yahoo.com
Jason Harrington,female,canada,2001/08/06,41.0,todd68@burton.com
Brittany Craig,male,united kingdom,18/08/1983,55.0,terry54@yahoo.com
Laurie Barton,male,united states,08-11-1977,53.0,cgonzales@jones-perez.com
Alexander Morgan,female,canada,20/09/1966,55.0,parsonsgregory@hotmail.com
Matthew White,male,united states,1998/10/13,43.0,zwhite@yahoo.com
Joseph Moore,male,united states,02-01-1965,26.0,wellsjessica@yates.com
Joel Brown,unknown,united states,07-21-1998,54.0,sarahgibson@yahoo.com
Christine Liu,unknown,united states,1983/02/11,64.0,nortonchristopher@phillips.com
Andrew Golden,male,united states,10-12-1965,40.0,richardsandrew@hotmail.com
Rebecca Jones,female,united states,09-16-1958,24.0,lorimichael@miller-wells.info
Dr. Carol Garcia,female,united states,12/08/1979,49.0,christopherhunter@gmail.com
Kristen Davis,female,canada,30-12-1979,32.0,anna98@yahoo.com
Dana Steele,female,united states,08-22-1964,69.0,jill58@yahoo.com
Aaron Scott,male,united kingdom,21/08/2000,63.0,jacobpoole@webb.com
Carrie Douglas,unknown,united states,04/02/2005,26.0,triciadavis@yahoo.com
David Lopez,female,unknown,1962/02/20,44.0,lauren14@grant-johnson.com
Andrew Todd,female,canada,10-24-1990,21.0,samanthawilliams@yahoo.com
Whitney Wong,male,united states,17/10/1954,64.0,dianadaugherty@hotmail.com
Jacob Sampson,male,united states,27/11/1989,44.0,tylersavage@watkins.com
Alvin Lawson,female,united states,05/09/1976,40.0,jyoung@melendez.net
Stephanie Gibson,male,united states,21/06/1991,19.0,tamara55@gmail.com
Alice Cox,female,united kingdom,02-12-1986,64.0,aduran@melton.biz
Candice Shelton,male,united states,17/03/1980,19.0,johnnyhaynes@gmail.com
April Bartlett,female,united states,23-03-2005,33.0,ferrelljohn@scott-orr.biz
Nicholas Henry,male,united states,1962/06/05,59.0,jonathan46@hotmail.com
Kathryn Lucas,female,united states,07-06-1988,40.0,pnelson@bowen-sanford.biz
Tiffany Ramirez,male,unknown,1955/12/30,31.0,yshelton@bailey.info
Renee Fischer,female,unknown,1995/08/01,40.0,kylejones@gmail.com
Larry Fuller,female,united states,03/02/1988,64.0,jdalton@yahoo.com
Sarah Henry,unknown,unknown,07-17-2002,18.0,wardwilliam@li-santos.org
Steven Gordon,female,canada,02-27-1964,66.0,james07@miller-mills.com
Kristine Hart,male,united states,10-10-1959,42.0,samantha75@gmail.com
Stephen Weber,male,united states,1961/10/02,57.0,wendy52@gmail.com
Karen Sullivan,unknown,united kingdom,1968/10/27,23.0,fbond@caldwell-eaton.com
Daniel Coleman,female,united states,2006/09/23,33.0,charles27@cox-marsh.info
Christopher Daugherty,male,united states,2002/03/26,63.0,tylerdavis@hotmail.com
Monica Thompson,male,unknown,29-03-1999,57.0,josephkelly@hotmail.com
Mrs. Erica Murphy MD,male,united kingdom,2006/02/14,57.0,dominiqueturner@jackson.com
David Marquez,female,united states,06/12/1971,39.0,graychristopher@washington-taylor.com
Brian Chen,unknown,unknown,04-10-1981,58.0,christopher91@castaneda.biz
Kiara Park,male,united kingdom,04-04-2006,40.0,deborahpowell@gmail.com
Samantha Miller,female,united states,08-18-1997,33.0,qbooth@gmail.com
Jeff Kramer,female,canada,1974/11/01,65.0,taylorgregory@gmail.com
Ana Moon,unknown,unknown,15/03/1984,35.0,wardjeffrey@yahoo.com
David Kelley,unknown,united kingdom,03-14-1999,18.0,brittany78@hotmail.com
Patricia Smith,female,united kingdom,01/11/2000,53.0,james81@gonzales-rodriguez.info
Kelsey Salazar,female,united states,16/06/1991,61.0,ystewart@yahoo.com
Gary Snyder,male,united kingdom,08-16-1989,64.0,adrake@hoffman.com
Ashley Morris,male,unknown,26/06/1975,49.0,leonardkatherine@thompson.net
Victoria Kemp,male,united states,16/07/1968,65.0,carlsonjeffrey@gmail.com
Nancy Perry,male,canada,12/01/2007,61.0,rileydavid@christensen-ware.info
Jason Rivera,unknown,united states,19/05/1972,42.0,vmoody@yahoo.com
Tara Braun,unknown,canada,2005/09/09,25.0,lewisregina@yahoo.com
Jennifer Stevenson,female,canada,2000/09/13,55.0,thomastapia@weber.com
Debra Randall,male,united kingdom,30/05/1965,28.0,pmartinez@schmitt-wilson.com
Michele Vang,unknown,united states,21/01/2005,44.0,dylanclark@diaz-davis.info
Kenneth Boyd,male,united states,02-08-1995,54.0,gmorrison@barnes.com
Bianca Middleton,male,canada,06/05/1972,36.0,gary58@gmail.com
Jennifer Brown,male,canada,20/08/1977,49.0,leahhowe@hotmail.com
Austin Franklin,unknown,unknown,06-21-1974,28.0,dsavage@rivera-spence.net
Jimmy Conner,male,united states,24-06-1996,46.0,jessicacooke@frazier-gibson.com
Sabrina Nelson,male,canada,15-07-1973,64.0,ztrevino@shepherd-anderson.com
Lawrence Burns,female,canada,1984/07/10,22.0,rebecca60@york-crane.com
Sean Hunt,female,unknown,28/01/1985,44.0,vunderwood@holt.com
Mrs. Angela Allen,male,united kingdom,1968/01/10,22.0,anthonyvincent@yahoo.com
Kevin Ramos,male,united states,05-08-1989,50.0,morgan63@mcgee.biz
Rebecca Cain MD,male,united kingdom,07-22-1992,66.0,lauren24@gmail.com
Theresa Gomez,female,canada,26/12/1979,36.0,lisa92@johnson-farley.com
Tammy Jenkins,male,unknown,30/06/1959,34.0,robinsonjulia@moran.com
Leah Williams,female,united kingdom,24/01/1984,39.0,amandasnyder@gmail.com
Linda Jackson,male,unknown,2005/08/14,44.0,bailey91@watson.com
Lisa Rios,male,united kingdom,1991/06/16,68.0,alexander65@murphy.com
Elizabeth Hernandez,male,unknown,15/11/1956,47.0,osmith@hudson-carter.com
Kenneth Medina,male,united kingdom,05-09-1998,58.0,salinasdavid@harper-gross.net
Sean Foster,female,united states,09-07-1973,41.0,ujohnson@fisher.com
Megan Perry,female,united states,1989/03/02,58.0,matthewluna@gonzalez.com
Eric Thomas,female,united kingdom,27-06-1993,64.0,brian61@hotmail.com
Shannon Jimenez,male,united states,1980/02/14,35.0,igill@welch.com
Maria Warren,male,unknown,13-12-1968,54.0,uwalker@gmail.com
Brittany Martin,female,united states,03-07-1956,44.0,andersontabitha@hotmail.com
Catherine Butler,female,united states,1955/03/01,28.0,bradleyrobinson@yahoo.com
Debra Butler,female,united states,12-15-2006,58.0,bridgetlee@garcia.com
Dennis Rodriguez,female,canada,20/08/1973,45.0,jesse33@gray.com
Hannah Myers,unknown,canada,29/07/1990,23.0,qcohen@harris.com
Jennifer Tran,female,united states,06-23-1966,18.0,mitchellmelanie@blake.com
Sarah Ryan,unknown,canada,2001/03/14,66.0,woodsjames@adams-murphy.com
Brenda Montoya,female,unknown,03-02-1978,67.0,pecksteven@flores-lynch.info
Angel Vaughn,male,unknown,11-10-1958,55.0,carlosrodriguez@yahoo.com
Mario Coleman,female,canada,1996/12/04,54.0,knightrichard@hotmail.com
Jacob Eaton,male,canada,18/12/1970,44.0,herringamanda@phillips.net
Richard Velazquez,male,unknown,01-06-1995,51.0,howard05@garcia.org
Ashley Mcgee,male,united states,02-07-1992,54.0,smills@mitchell-keith.com
Mark Powell,unknown,canada,13/02/1989,18.0,vickiestrong@yahoo.com
Natasha Barrera,male,united states,23-11-1984,60.0,powersscott@campbell.com
Frank Sanchez,female,united kingdom,11-04-1978,38.0,renee63@gmail.com
Mark Ryan,unknown,united states,08/07/1981,43.0,edwardsryan@conley.net
Craig Pena,male,canada,10-05-1970,60.0,elizabethstewart@horton.com
Jane Martin,male,united states,01-31-1985,44.0,michellejackson@lozano.com
Kathleen Collins,female,united kingdom,02-10-1979,28.0,narcher@hotmail.com
Patricia Sanchez,male,united states,09-10-2004,63.0,coreygarcia@castro.org
Matthew Foster,male,united states,07-05-2004,44.0,davidevans@yahoo.com
Linda Todd,female,unknown,1985/06/07,40.0,qbaker@rojas-nicholson.org
Dawn Horton,unknown,united states,12-06-1972,53.0,lgarcia@yahoo.com
Billy Graham,male,canada,1977/06/17,69.0,randallwendy@wall-garcia.com
Mary Giles,female,canada,05/07/1955,68.0,kaitlyn18@meadows.net
Thomas Gonzalez,female,united kingdom,11-28-2004,27.0,tvelez@yahoo.com
Scott Parsons,unknown,united kingdom,1995/02/27,20.0,petersonchristopher@yahoo.com
Robert Ramirez,male,united states,16-11-2000,66.0,andreagibson@alvarez-miller.com
Patricia Ward,female,united states,1976/11/19,59.0,reyesmatthew@yahoo.com
Amanda Gordon,unknown,united kingdom,1975/12/27,69.0,charles50@yahoo.com
Carrie Nolan,female,united kingdom,1974/04/23,63.0,ksmith@gmail.com
David Sawyer,female,united states,07-04-1957,67.0,pconner@hotmail.com
Erika Gregory,female,united states,06-07-1985,44.0,heathermarshall@hotmail.com
Jennifer Brown,female,canada,22-05-1961,44.0,smithrodney@hampton.com
Mr. George Williams,unknown,united states,23-08-1989,45.0,bmills@roth.com
Ashley Sanchez,female,canada,02-27-2004,39.0,laurenallen@yahoo.com
Jessica Griffin,unknown,unknown,19/12/1965,44.0,stephanie45@hill.com
William Rivera,unknown,united states,1992/08/18,38.0,williamsamanda@shah.com
Joshua Russell,male,united states,1955/07/16,19.0,max90@gmail.com
Alexandra Rowe,female,united states,06-04-1979,44.0,downserica@yahoo.com
Jason Ward,male,united states,27/05/1993,68.0,jasonwarren@hotmail.com
Rodney Bowers,female,united states,1961/11/08,40.0,jensenmichael@yahoo.com
Cody Barnes,unknown,united states,11-21-1960,21.0,jordangibbs@yahoo.com
Brad Hogan,female,canada,04/07/1972,61.0,robertclark@gmail.com
Wendy Simmons,female,united kingdom,03-08-1994,29.0,diazanthony@novak-bradley.com
Whitney Roberts,male,united kingdom,17/03/2001,30.0,tsmith@perez.info
Vickie Noble,female,united states,02/06/1958,24.0,garygreer@gmail.com
Joann Johnston,male,united states,19/10/1980,19.0,jonathanfinley@kramer-edwards.com
Colleen Bradley,male,unknown,17-03-1956,38.0,josephbrooks@yahoo.com
Tina Perez,female,united kingdom,09-20-1954,48.0,qanderson@valentine.com
Jeanette Summers,male,united states,07-11-2004,68.0,patricia79@hotmail.com
Amanda Greene,unknown,canada,01-01-1999,59.0,kyle24@yahoo.com
Michael George,female,united states,12-09-1985,39.0,tylerdavid@doyle.biz
Eduardo Shields,female,united states,04-28-1961,20.0,frank34@gmail.com
Daniel Ray,male,united kingdom,04/02/1965,20.0,martinezsarah@mitchell.com
David Reeves,male,unknown,11/06/1992,28.0,yusharon@gmail.com
Nicholas Lawson,female,united states,1975/11/17,29.0,colemanstefanie@watkins.net
Nathaniel Gamble,unknown,united states,1957/01/03,57.0,pauldiaz@watson.net
Tamara Anthony,female,united states,07-29-1994,58.0,garciaangela@gmail.com
Justin Thomas,male,unknown,30-11-1959,32.0,jared69@brewer.com
Nicole Taylor,male,canada,20/04/1970,28.0,robincruz@mathews.net
Miguel Lewis,male,canada,1988/12/10,28.0,melissa54@hall.org
Ashley Reynolds,female,united kingdom,02/03/1961,54.0,murphydanny@ponce-davis.com
Amy Myers,male,unknown,31-05-1964,28.0,davidtaylor@hotmail.com
Julie Payne,female,united states,04-07-1970,63.0,jeffcabrera@yahoo.com
Edward Cole,unknown,united states,1968/01/01,19.0,kristi37@hotmail.com
Daniel Hudson,male,canada,18-02-1978,20.0,peter29@hotmail.com
Robert Franklin MD,male,united states,1992/10/07,67.0,torresmolly@gmail.com
Dylan Edwards,male,unknown,13-10-1978,44.0,wpennington@armstrong.net
Nicole Brown,female,canada,1996/09/03,26.0,brivera@hotmail.com
Jason Pope,female,united kingdom,1957/03/27,52.0,browndesiree@hotmail.com
Bailey Vaughn,female,united states,1955/03/18,44.0,lewisbianca@garcia-white.com
Crystal Hull,female,canada,14-12-1971,45.0,brentmoreno@gmail.com
Beverly Vazquez,female,united states,02-17-1999,42.0,sanchezmorgan@gmail.com
Shane Henry,male,unknown,1971/09/16,59.0,tranheidi@moore-snyder.org
Amber Parker,female,unknown,08-12-1993,44.0,zcarlson@yahoo.com
Mark Patel,female,canada,18/08/1958,52.0,matthewpetersen@hotmail.com
Scott Hamilton,male,united kingdom,1974/02/18,35.0,julia31@yahoo.com
Brian Ortiz,male,canada,08-06-1990,58.0,jason73@mills-diaz.com
Karen Frazier,male,united kingdom,08-08-1965,27.0,joseph66@johnson.com
Gary Simmons,male,unknown,14-05-2003,67.0,adamsthomas@hotmail.com
Susan Johnson,female,unknown,03-17-1996,24.0,rachelhardy@taylor-carter.info
Benjamin Thomas,male,united kingdom,06-09-1967,28.0,alexanderlove@hill-chandler.com
Robert Waller,male,canada,08-23-1998,44.0,jacksonmichelle@ross.com
Sherri Le,male,canada,23-01-1970,41.0,cbrown@yahoo.com
Daniel Rodriguez,female,united states,03/03/1991,67.0,courtneyjoseph@charles.com
Amy Krueger,female,united kingdom,02-04-1973,30.0,danielfrank@gomez-graham.com
Joseph Christian,female,united states,17/07/1983,36.0,cassie89@brown.org
Mary Wood,female,united states,21/10/1971,53.0,joshua55@gmail.com
Jeremy Wilson,female,united states,02-20-2004,35.0,frankperry@king.net
Alexandra Brock,female,united states,24/07/1958,26.0,johnstonjennifer@yahoo.com
Nicole Bowen,male,united states,17/12/1996,28.0,anavarro@rubio.com
Mark Ramos,male,unknown,08-08-1975,47.0,whitakersean@soto.com
Tammy Peters,male,united states,04-23-1972,52.0,heather46@johnson.com
Joan Smith,male,united kingdom,1983/05/28,28.0,schwartzerica@yahoo.com
Shannon Adams,male,united states,1981/08/04,32.0,jennifermurphy@hotmail.com
James Wolf,male,united kingdom,1973/03/19,44.0,williamavila@hotmail.com
Amanda Henry,female,canada,25/01/1971,63.0,ethan27@williams.biz
Mark Johnson,unknown,canada,03-02-1996,69.0,diana93@yahoo.com
Mr. Michael Norris,unknown,unknown,04/05/1960,28.0,jeffrey90@gmail.com
Joel Lee,female,united kingdom,10/12/1973,52.0,jonesellen@savage-simpson.info
Megan Sullivan,male,united states,06-08-1986,65.0,veronicawarren@heath.com
Cassidy Knight,male,united kingdom,07/12/1995,33.0,tharvey@yahoo.com
Jennifer Moore,female,canada,02-12-1974,48.0,lnoble@gmail.com
Katherine Ruiz,female,canada,05-03-2003,44.0,sharon91@hotmail.com
Paul Zavala,unknown,united states,1985/10/18,27.0,xbrewer@hotmail.com
Mr. David Cunningham,male,united kingdom,16-03-1994,62.0,diana20@silva.net
Renee Webb,unknown,united states,08-08-1966,35.0,bbell@miles.com
Randy Pearson,male,united states,06-09-1957,23.0,hcarlson@yahoo.com
Carrie Obrien,unknown,united states,28-10-1958,25.0,stephanie72@allen.net
Amy Cole,female,united kingdom,06/11/1976,24.0,browndonna@prince.com
Jennifer Hammond,male,united kingdom,03/12/1954,55.0,lauren18@gmail.com
Neil Fuller,male,canada,12-02-1998,69.0,annchoi@wright.com
Jay King,unknown,united states,1964/09/04,53.0,susan12@ortiz.com
Tara Francis,female,united states,2004/02/11,19.0,karenbrown@gmail.com
Robert Murphy,unknown,united states,02-27-1997,56.0,jonathan01@hall-nelson.org
Monica Harmon,male,united states,06-14-1963,63.0,michael45@brown.com
Steven Taylor,male,unknown,02/02/1977,19.0,charlesreed@jones.net
Tyler Mason,female,united states,12-27-2006,28.0,garrettjason@hotmail.com
Tonya Wagner,female,united states,05-21-1984,69.0,theresa95@higgins-terry.org
Shelby Johnson,male,unknown,12/02/1983,32.0,paul53@rosales.biz
Michelle Mcclure,female,united kingdom,12-08-2002,48.0,carlosbennett@white.com
Tina Curtis,female,united states,28/04/1961,44.0,eric57@morgan-michael.com
Jessica Jackson,female,united kingdom,12-29-1984,48.0,itaylor@gomez.com
Erika Harris,female,united states,2002/09/28,52.0,christina17@hotmail.com
Shelly Carr,female,united states,22/05/1955,44.0,ejones@gmail.com
Matthew Pope,female,united states,12-24-1994,22.0,nathan44@smith.biz
Melvin Knapp,male,united kingdom,06-07-2001,54.0,ialvarez@newman.info
Mr. David Brown,female,united kingdom,02-09-1961,34.0,ortizmelissa@hotmail.com
Elizabeth Hughes,female,united states,02-06-1990,36.0,sarahlarson@terrell-chavez.com
Amber Hicks,male,canada,01-04-1987,26.0,mary75@hotmail.com
Marissa Garcia,male,united states,1965/11/04,55.0,ewashington@coleman-hines.com
Timothy Doyle,female,united states,11-04-1980,20.0,catherinejohnson@hotmail.com
Vanessa Osborne,unknown,unknown,06-27-1967,63.0,amanda26@sexton.com
Timothy Nicholson,male,united states,06-03-1964,53.0,qdyer@yahoo.com
Samuel Villanueva,female,canada,20-07-2006,61.0,lisa64@gmail.com
Jimmy Lewis,male,united states,1975/10/26,49.0,avalencia@willis.biz
Alan Reid,unknown,canada,05/05/1959,32.0,sarah32@johnston.com
Robert Moore,male,united kingdom,06/06/1998,50.0,waltontodd@hotmail.com
Eric Ramos,female,united states,24-06-1972,37.0,courtneyhuff@torres-lopez.com
Michael Bell,female,unknown,1987/01/19,65.0,brookeclark@yahoo.com
Robin Henry,female,unknown,1977/08/02,32.0,connie57@yahoo.com
Jessica Jones,female,united states,08-16-1960,60.0,cindy57@gmail.com
Jeremy Lucas,unknown,canada,12/06/1991,42.0,oweaver@gomez.org
Jonathan Coleman,female,united states,04-11-2000,43.0,zachary83@medina.biz
Anthony Flores,female,united kingdom,09-26-1957,32.0,williamsmith@hotmail.com
Lisa Russell,male,canada,28/01/1987,45.0,kellywright@gmail.com
Nancy Jarvis,female,canada,06-06-2006,67.0,jacob95@gmail.com
Jason Ward,male,united states,27/05/1993,68.0,jasonwarren@hotmail.com
Natasha Barrera,male,united states,23-11-1984,60.0,powersscott@campbell.com
David Diaz,male,canada,1974/11/05,42.0,ejones@long-benton.net
Nicole Bowen,male,united states,17/12/1996,28.0,anavarro@rubio.com
Emily Sanchez,female,unknown,19/08/2005,27.0,nathan02@smith.biz
Brittney Lopez,female,canada,04-03-1995,38.0,eric29@yahoo.com
Amy Cole,female,united kingdom,06/11/1976,24.0,browndonna@prince.com
Carl Osborne,male,united states,25-07-1981,20.0,tperez@yahoo.com
Paul Gomez,male,united states,08-28-2005,42.0,johnsonlaura@ferguson-wilson.com
Cynthia Williams,unknown,unknown,10-05-1960,69.0,cabreramonica@hotmail.com
Lisa Mccormick,unknown,united states,26/08/2002,44.0,dpalmer@hotmail.com
Gregory Carney,male,unknown,04-01-1996,62.0,kingdalton@gmail.com
Penny Moore,male,canada,23/01/1988,37.0,perezjasmine@wang.com
Stephanie Moore,male,canada,11-10-1970,44.0,gillbrian@steele.info
Sean Foster,female,united states,09-07-1973,41.0,ujohnson@fisher.com
Gregory Carney,male,unknown,04-01-1996,62.0,kingdalton@gmail.com
Megan Lopez,female,united states,25/01/1978,67.0,michael94@gmail.com
Michael Larson,male,unknown,10-08-1981,61.0,martinpatricia@yahoo.com
Rodney Bowers,female,united states,1961/11/08,40.0,jensenmichael@yahoo.com
Vickie Noble,female,united states,02/06/1958,24.0,garygreer@gmail.com
,unknown,unknown,,44.0,unknown
,unknown,unknown,,44.0,unknown
,unknown,unknown,,44.0,unknown
,unknown,unknown,,44.0,unknown
,unknown,unknown,,44.0,unknown
,unknown,unknown,,44.0,unknown
,unknown,unknown,,44.0,unknown
,unknown,unknown,,44.0,unknown
,unknown,unknown,,44.0,unknown
,unknown,unknown,,44.0,unknown
