Full Name,Gender , Country ,DOB, AGE,Email
Norma Fisher,,,11-19-1971,20,thull@yahoo.com
Steven Robinson,FEMALE,United Kingdom,09-28-1963,43,katelynmontgomery@yahoo.com
Ms. Michele Guzman,,Canada,04-06-1964,40,blairrachel@hotmail.com
Justin Gomez,F,U.S.,1975/10/13,36,hramos@brown-sellers.com
Ryan Page,male,usa,25/09/1999,52,vclayton@cross.com
Keith Allen,M,United States,17/12/1963,24,millerluke@hotmail.com
Mrs. Elizabeth Carter MD,M,usa,27/11/1976,48,sean96@johnston-roberts.com
Amanda Zavala,F,usa,17/12/1971,45,daviskatherine@gmail.com
Sarah Villanueva,FEMALE,U.S.,01-19-1991,46,aimee33@hotmail.com
Tiffany Riley,,United Kingdom,03/12/1984,21,christopher91@yahoo.com
Gabriela Lee,,United Kingdom,14-05-1955,23,thorntonnathan@gmail.com
Robert Garcia,M,,22-03-1964,57,montoyacynthia@guzman.com
Laura Myers,female,canada,1979/06/14,64,jacobsjames@robbins.com
Amy Shelton,FEMALE,usa,1991/04/20,54,huffchad@gmail.com
Hayley White,male,U.S.,1988/07/14,69,carlsonholly@yahoo.com
Ian Dennis,F,UK,13-01-1993,23,tammybrown@moore.com
Jessica Thompson,FEMALE,United Kingdom,05-11-1986,24,deborah64@gmail.com
Alexandria Harmon,FEMALE,United Kingdom,14/02/1977,63,dennis75@roberts.org
Eric Goodman,Male,United Kingdom,21/07/1998,Thirty,wheelerholly@allen.info
Shawn Carroll,F,U.S.,19/06/1982,46,ksavage@barton-fletcher.com
David Moore,Male,,01/03/1990,54,hensontroy@yahoo.com
Amber Carson,male,Canada,1982/07/07,30,monroedavid@morales.biz
Daniel Love,,United States,04-06-1954,57,davidbanks@ramirez-good.com
Thomas Burton,M,Canada,10-01-1955,22,hmarsh@yahoo.com
Joseph Curtis,Male,United States,1977/11/18,20,joshuasmith@harris.net
Jacob Bradley,,usa,02-14-1957,Twenty Five,xbowman@hotmail.com
James Carter,M,United Kingdom,08/09/1963,51,mathew51@chan-johnson.com
William Roberts,,U.S.,1981/02/16,61,danny30@white-mills.com
Russell Evans,F,,28/08/1961,46,zwells@martinez-wilson.info
Eric Navarro,female,canada,09-11-1964,38,odrake@jones.com
Amy Smith,F,usa,01-23-1981,55,ymora@hotmail.com
Claudia Miller,M,canada,1969/03/30,33,ryanhoward@gmail.com
Sarah Johnson,Male,Canada,17-01-1990,63,davidsanders@gmail.com
Yolanda Salinas,male,canada,1996/09/08,39,gonzaleznicholas@wilcox.info
Jared Frazier,female,USA,25-09-1989,68,martha73@hotmail.com
Colleen Peterson,male,U.S.,05-02-2005,Thirty,austin24@hotmail.com
Sarah Aguilar,F,United Kingdom,18-02-2003,19,marshzachary@gmail.com
Carlos Turner,Male,U.S.,27-11-2005,43,michelle27@yahoo.com
Stephanie Shaw,Male,canada,25-04-1993,20,burgessrebecca@roberts.biz
Karen Gibbs,F,USA,1980/09/14,29,sandovalaaron@turner.com
Johnny Green,M,usa,11-14-1974,31,dpatrick@gmail.com
Bethany Mitchell,M,USA,29-12-1976,52,olsondonald@love.com
Logan Hughes,female,usa,19/06/1957,22,bosborne@george.com
Joshua Reed,male,usa,09/05/1980,40,ibarrachelsea@yahoo.com
Taylor Santos,female,United States,16-09-2000,50,susanhughes@yahoo.com
Shelia Becker,female,USA,15-07-1962,62,caseysean@gibson.com
Stephanie Williams,female,U.S.,23/08/1971,40,jerryfrank@chan.com
Brianna Snow,M,UK,1982/12/26,62,perrycory@navarro.info
Jason Crawford,M,U.S.,06-05-1976,68,gomezdavid@hotmail.com
Gregory Smith,M,United States,1969/12/12,39,carlsondouglas@gmail.com
Michael Mays,F,Canada,24-08-1962,56,mike09@villarreal.info
Gregory Haley,female,United States,14-02-1963,48,michaelkennedy@phillips-johns.net
Catherine Kaiser,M,,30/03/1961,59,nicholasthomas@gmail.com
Emily Sanchez,FEMALE,,19/08/2005,27,nathan02@smith.biz
Jason House,F,USA,06-27-1994,65,dana13@yahoo.com
Mandy Rice,Male,canada,18-11-1979,52,butlerjessica@yahoo.com
Jacob Farley,FEMALE,United States,1960/06/17,66,hillangela@moore.com
Jessica Wright,female,canada,13/02/1985,61,michaelwelch@gmail.com
Mr. Aaron Hale,FEMALE,United States,14/05/1996,42,robinsondanny@hotmail.com
Lee Coleman,M,,23-05-2005,18,gregorykathleen@gmail.com
Jennifer Chen,F,U.S.,26/09/1955,28,nicole00@ross-zamora.biz
Paul Gomez,male,U.S.,08-28-2005,42,johnsonlaura@ferguson-wilson.com
Pamela Jones,M,,23-12-1973,43,audreyburton@hotmail.com
Tyler Stephens,,,19-09-2004,28,scott92@gmail.com
Bryan Morales,female,usa,08/02/1986,62,michael76@woods.net
Matthew Brown,male,UK,09-10-1974,53,nwilliams@johnson.biz
Alexandra Rose,F,USA,14-10-1958,49,csmith@oliver.com
Cristina Walton,FEMALE,Canada,11-09-1973,21,hamiltonjennifer@jackson-fisher.biz
Timothy Hernandez,,,1975/10/10,53,reneewallace@simmons-vasquez.com
Jessica Harris,M,usa,2002/07/31,18,ojohnson@pitts.com
Megan Hall,female,,06/07/1974,18,kelsey56@brown-terry.net
Taylor Carpenter,male,USA,16-08-1987,Thirty,rlewis@gmail.com
Christopher Smith,M,United Kingdom,23-10-1998,30,brycepatterson@arellano.net
Jody Morgan,Male,U.S.,24/03/1961,35,marcus75@johnson-williams.com
Sergio Reed,M,United States,26-12-1967,48,larry64@yahoo.com
Micheal Williams,,,29-10-1991,19,murrayjenny@stark.info
Bruce Miller,FEMALE,UK,24-12-1960,,nhenson@salazar-meyers.net
Sandra Williams,FEMALE,United States,16/07/1966,25,rrobinson@flores-graham.net
Lisa Mccormick,,United States,26/08/2002,,dpalmer@hotmail.com
Denise Smith,Male,USA,08-02-1996,31,jessicawright@hobbs-osborn.com
Kaylee Trevino,M,Canada,21/07/1962,41,david95@gmail.com
Michele Guerrero,F,USA,05-04-1969,63,holmesemily@brooks.com
Breanna Smith,M,UK,08-14-1988,41,brenda02@yahoo.com
Christopher Esparza,,United Kingdom,1963/06/28,31,shudson@young.com
Heather Garza,female,Canada,24-01-1997,26,jensenanthony@hotmail.com
Jesus Smith,male,Canada,28/03/1969,39,vlamb@payne-padilla.com
Larry Warner,,canada,18-10-1975,39,nacevedo@gmail.com
Paul Wright,,USA,14-04-1984,35,max24@kelly.com
Brittany Johnson,male,United States,26/12/1996,41,allenalexander@murphy.biz
Thomas Cole,female,United Kingdom,1963/12/06,36,gregory56@yahoo.com
Steven Ferguson,Male,UK,2004/04/28,21,cunninghamdavid@yahoo.com
Jonathan Howell,FEMALE,United States,24-04-1999,37,riveramary@wright.com
Sara Hoffman,female,canada,09/02/2003,44,mpennington@oliver.com
Amanda Peterson,Male,usa,06-26-2004,48,garrettpamela@yahoo.com
Edward Hernandez,FEMALE,canada,02-05-1970,48,jillsullivan@yahoo.com
Terry Smith,Male,UK,05-09-1990,20,xmadden@hotmail.com
Deborah Mcdaniel,FEMALE,canada,1985/04/15,28,powelltyler@gmail.com
Zachary King,M,,25-07-2000,22,kathrynblack@yahoo.com
Valerie Clark,,usa,1992/10/12,65,brendacortez@hotmail.com
Carla Parrish,male,USA,09-05-1964,18,richardsbrett@gmail.com
Heidi Garrett,Male,,30/03/1976,46,kburke@gmail.com
Laura Ramos,female,U.S.,06-29-1977,23,qbrowning@osborne.net
Diana Greer,FEMALE,U.S.,19/04/1990,55,hopkinseric@david.net
Nicole Baker,,United States,08-27-1973,30,tosborne@shah-medina.net
Gordon Thornton,FEMALE,usa,22-08-1983,Thirty,bradyeric@miles.info
Kristina Jenkins,,USA,01-21-1996,66,coxtina@frazier.com
Kathleen Simon,M,U.S.,22-03-1971,49,jacob61@west.net
Rita Garcia,female,Canada,1967/01/28,59,bmclean@foster.com
Ann Johnson,Male,U.S.,1955/01/04,24,kathrynhughes@hotmail.com
Jean Beard,male,UK,11-16-1956,41,maria29@hotmail.com
Rodney Sanders,F,United States,06-10-1989,56,millermichelle@smith-lee.com
Kaitlin Edwards,female,United States,12-29-1955,58,wwhitehead@hotmail.com
Michael Larson,M,,10-08-1981,61,martinpatricia@yahoo.com
Michelle Cummings,FEMALE,UK,12-05-2003,58,wherring@hess.com
Dean Graves,M,U.S.,1971/07/17,18,jlutz@yahoo.com
Amanda Richards,FEMALE,canada,02/12/1997,20,lisa13@gibbs.net
Gene Rios,F,United States,09/09/1986,56,hoovermatthew@garcia.com
Gabriella Gray,,United States,11-25-1978,55,loganjohnson@martinez.com
Antonio Collins,FEMALE,UK,08-10-1980,69,michaelconley@russell.com
Lisa Scott,Male,United Kingdom,05-05-1975,22,dwhite@yahoo.com
James Howard,male,United States,29-08-1962,37,andrew69@valdez.net
Melissa Alvarez,Male,UK,13/10/1957,,anthony81@gmail.com
Tyler Ruiz,male,United States,07-06-1956,41,susan06@moore-kelley.com
Richard Moore,F,,11-07-2000,54,sonya76@perez.com
Vincent Bell,Male,United Kingdom,25-05-1965,65,kcox@gmail.com
Randy Martin,female,U.S.,24/12/1993,52,lhiggins@smith.net
Anthony Frost,F,,04-04-1993,,emilyjames@barnes.com
Tammy Cox,,,1969/01/03,,andersonashlee@yahoo.com
Jessica Graham,,USA,29-04-1986,65,sabrinaallen@yahoo.com
Kevin Houston,male,Canada,13/01/1973,39,munozkimberly@gmail.com
Levi Dillon,Male,UK,08/11/1980,Thirty,thomasphilip@simon-bray.biz
Michelle Munoz,FEMALE,,03-31-1965,69,thomas29@gill-rodriguez.com
Mark Miranda,female,USA,1997/02/25,59,nataliescott@silva.com
Amanda Jenkins,male,U.S.,17/10/1979,64,dennis19@martin-jordan.biz
Martin Mann,,canada,24-07-1959,20,garyclark@gmail.com
Chad Snyder,female,,1996/09/06,49,gabrielle64@gmail.com
Jonathan Rivera,,usa,2001/07/27,69,vrollins@torres.com
John Torres,FEMALE,,04-03-1982,57,vegaeric@gmail.com
Madison Pollard,female,,06-15-1989,21,caitlinmorrison@rodriguez.biz
Andrew Wilson,Male,UK,1978/11/28,19,daniel75@hotmail.com
Mary Burnett,Male,United States,29/10/1969,24,deleonwilliam@johnson.com
Kelly Franklin,M,United Kingdom,03/06/1968,30,lbaker@gmail.com
Carolyn Alexander,female,UK,30-11-1957,21,schneiderrichard@gmail.com
Joy Castillo,F,UK,11/03/1961,59,zpierce@yahoo.com
David Diaz,Male,Canada,1974/11/05,42,ejones@long-benton.net
John Olsen,,Canada,15-06-1974,51,lisa20@taylor.biz
Nicole Henry,,U.S.,31-03-2001,68,xhansen@brennan-jennings.com
Ryan Collins,female,UK,19/07/1969,66,gkelly@davis-torres.biz
Jacob James,male,UK,09/11/2005,68,keithgonzalez@keller-harrington.com
Carl Osborne,M,usa,25-07-1981,20,tperez@yahoo.com
Heather Ramirez,female,Canada,17-07-1981,51,castillokelly@yahoo.com
Timothy Paul,M,U.S.,1977/04/09,23,danielreyes@yahoo.com
Joel Walls,,United Kingdom,10-09-1992,50,fshaw@edwards.com
Evan Macdonald,FEMALE,usa,1969/09/26,45,johnstonbilly@gmail.com
Nicholas White,F,,27-07-1966,24,hallbradley@yahoo.com
Beverly Underwood,female,usa,30-06-1995,44,figueroajames@meyer.biz
Christopher Young,,United States,14-07-1982,68,baguirre@gmail.com
Preston Gilbert,female,,08-03-1972,19,jane57@taylor.com
Denise Schwartz,female,canada,05/07/1996,23,qclark@harris-romero.com
Melissa Wells,FEMALE,usa,25-11-1988,40,jwhite@yahoo.com
David Miller,M,USA,28/08/1988,40,shawnbell@yahoo.com
Nathaniel Smith,male,USA,1981/10/24,Thirty,rubenking@yahoo.com
Jeremy Ward,FEMALE,usa,1987/05/08,31,lopezsarah@nunez.com
Marc Martin,Male,U.S.,25-02-1986,65,robertlee@yahoo.com
Travis Barton,Male,Canada,30/04/1977,62,isaac89@hamilton.org
Linda Johnson,Male,U.S.,1987/06/16,29,aaronbrown@gmail.com
Michael Walker,female,usa,11-04-2000,40,omiddleton@mcclure-morgan.com
Justin Kelly,M,Canada,1984/01/30,19,ubranch@yahoo.com
Daniel Wilson,male,canada,11/11/1964,48,nzimmerman@yahoo.com
Alison Clark,FEMALE,Canada,28/04/1982,29,cynthiayu@hotmail.com
Marvin Burns,F,usa,18-02-1980,52,jacobsjessica@harris.com
Patrick Saunders,F,Canada,1970/07/15,42,eric41@west.biz
Jonathon Morgan,male,United States,1994/06/06,38,williamsleslie@hotmail.com
Amy Kaiser,F,U.S.,1986/11/21,66,paul01@yahoo.com
Taylor Anderson,male,Canada,28/11/1963,44,thorntonjohn@nelson.com
Mandy Mcgee,M,USA,1991/02/16,56,zachary02@weiss-walsh.com
Gregory Carney,Male,,04-01-1996,62,kingdalton@gmail.com
Laurie Washington,Male,United States,08-31-1989,37,colin32@alvarado.info
Derrick Kaufman,F,,1977/12/24,55,stevenedwards@hill.com
Robert Parker,female,Canada,02/05/2002,23,milleralexis@gmail.com
Donald Harris,male,UK,04/01/1992,58,gdavis@hotmail.com
Barbara Watkins,F,USA,10-07-1985,44,kennethfuller@hotmail.com
Amanda Houston,Male,,16/09/1997,46,pittsdonna@yahoo.com
Martha Mitchell,male,canada,22/06/2002,48,jordanbrown@barnes-aguilar.com
Susan Patel,Male,United States,21-10-1984,35,hbrooks@hall.biz
Brad Garcia,Male,United Kingdom,1966/09/10,68,wsmith@fox-martinez.com
Mr. Jeffrey Terry DVM,M,UK,06-10-1965,29,johnwalker@yahoo.com
Charlotte Bird,,,04-18-1991,29,jessehoover@schaefer-thornton.com
Justin Ibarra,male,UK,30/10/1993,51,alexandriaschroeder@harmon.com
Christopher Wagner,male,canada,09-21-1968,58,fgarcia@hotmail.com
Roger Miller,M,usa,02-01-2005,66,rcole@dudley-stanley.com
Stephanie Moore,male,Canada,11-10-1970,Twenty Five,gillbrian@steele.info
Stephanie Stanley,M,UK,01-30-1995,18,georgemichael@yahoo.com
Victor Shaw,male,Canada,06-02-2001,67,andrewroman@gmail.com
Gina Turner,M,Canada,1963/09/29,45,sharon55@hotmail.com
Jennifer Morales,M,UK,23-05-1988,61,jacobrobinson@hotmail.com
Charles Harper,female,U.S.,10-01-2005,35,jonathon47@hotmail.com
Rachel Lee,M,USA,02-10-1971,35,smithcarla@yahoo.com
Terri Petersen,M,USA,01-01-1969,34,rebeccastanley@cain.com
Thomas Jackson,female,United Kingdom,05-22-1975,46,vmorrow@garrison-miller.biz
Melissa Tate,Male,Canada,27/03/1955,36,joanna63@yahoo.com
Christopher Barrett,,U.S.,22-11-1995,20,rebeccabrown@hotmail.com
Matthew Galvan,Male,Canada,15/06/1988,52,ocollins@howe.com
Emily Whitney,FEMALE,usa,2005/02/05,66,mrowland@yahoo.com
Matthew Ellis,male,usa,08-13-2005,,huntangelica@franklin-fisher.com
Jennifer Martinez,FEMALE,Canada,1998/12/18,54,robersonjulie@phillips-daniel.biz
Richard Reid,F,U.S.,27-11-1988,44,williamsalexis@beasley.biz
Karen Johnson,M,United Kingdom,04-07-1997,65,warnerdawn@andersen.com
Richard Anderson,,Canada,07/01/2004,46,isullivan@gmail.com
Jill Daniels,FEMALE,United States,1992/05/29,25,briannajackson@ray.com
Jamie Smith,M,usa,07-26-1997,43,walterdanielle@barton.com
Ashley Cook,F,UK,2004/08/23,53,markpotter@gmail.com
David Rivera,M,Canada,13/04/1987,58,millersamuel@yahoo.com
Kristen Stone,female,,1969/03/10,48,gpoole@hernandez-jones.com
Matthew Wilson,female,United Kingdom,24/11/1958,49,michael76@hotmail.com
Natasha Conway,M,USA,01-10-1986,37,kimberlyjohnson@yahoo.com
Holly Sparks,male,UK,25-09-1954,57,alvarezmicheal@sanchez.com
Amanda Diaz,male,USA,18/06/1977,48,awebb@gmail.com
Patricia Pena,female,USA,02-10-1986,61,sandrajuarez@yahoo.com
Yolanda Martin,,usa,06-24-1980,18,blewis@hotmail.com
Marcus Petersen,FEMALE,USA,01-12-1999,57,ustewart@bradley-grimes.com
Jenna Richardson,Male,Canada,09/05/1974,64,jonathanallen@glenn.com
Lori Thomas,male,United States,03/11/1970,30,andrea89@english.info
Christopher Howard,Male,,03-19-1971,63,sconway@hill-harris.biz
Alex Lee,FEMALE,,1967/09/02,39,gmiller@barker-barnes.com
Natalie Graves,female,,2001/09/12,46,boyerdarin@gmail.com
Christopher Adams,M,United States,10/04/2003,26,amy67@yahoo.com
Michael Barber,male,United States,01-03-1997,40,bondbrandi@sosa-velasquez.com
Cynthia Williams,,,10-05-1960,69,cabreramonica@hotmail.com
Steven Dunlap,female,,1995/11/07,68,kenneth29@taylor.com
Eric Navarro III,male,UK,1959/08/08,55,ldickson@harrell.com
Karen Martinez,M,USA,09-16-2004,20,roachholly@hotmail.com
Rebecca Doyle,male,usa,1954/07/17,41,joylowe@martinez-washington.com
Tiffany Santiago,Male,United States,1985/05/03,57,phall@hotmail.com
Megan Lopez,FEMALE,usa,25/01/1978,67,michael94@gmail.com
James Thompson,FEMALE,,01-03-1962,21,jenniferhardin@thomas-green.net
Rick Stevenson,M,United Kingdom,04-20-1972,55,nicholas05@yahoo.com
Janet Martinez,female,UK,27/07/2002,63,torresscott@hinton.com
James Hunter,female,U.S.,05/01/1986,35,harrisjohn@gray.com
Colleen Davis,Male,USA,16-01-1961,28,andreameyer@reynolds.com
Kaitlin Mccoy,FEMALE,USA,24/03/1956,59,tina30@gmail.com
Joseph Lewis,Male,United States,28-09-1954,68,shawndavis@huff-roberts.com
Teresa Merritt,female,U.S.,07-04-1974,53,serranomitchell@valdez.com
Kari Thomas,male,UK,1997/05/13,39,darrellmorris@hotmail.com
Heather Shepherd,F,usa,21-04-1967,68,adrienne66@johnson-alexander.com
Brittney Lopez,FEMALE,canada,04-03-1995,38,eric29@yahoo.com
Daniel David,FEMALE,USA,29-09-1963,30,cgiles@yahoo.com
Laura Fleming,FEMALE,usa,1998/04/26,,snyderabigail@valencia.org
Roberto Mclaughlin,F,canada,1971/09/29,Twenty Five,johnmartinez@hotmail.com
Penny Moore,male,Canada,23/01/1988,37,perezjasmine@wang.com
Rita Vargas,F,,01/05/1966,48,ramirezjoseph@ray-scott.biz
Michelle Thomas DVM,FEMALE,U.S.,02-04-1958,37,jonathan66@gmail.com
Miss Christy Davis,F,usa,26-04-2003,47,moniquelewis@dickson-smith.com
Joseph Krause,female,UK,20-08-2002,69,tbradshaw@gmail.com
Mark Young,female,UK,04-24-1998,46,christopher27@gmail.com
Mason Williams,Male,usa,13-02-2007,33,kmcdonald@hotmail.com
Caitlin Smith,Male,United States,07-17-1961,31,james74@hotmail.com
Lee Adams,female,usa,12-19-1965,53,matthewerickson@sandoval.com
Nathan Lee,,,09-03-1982,29,wrightkathleen@alexander-mcdaniel.com
Jeffrey Diaz,male,UK,1961/06/12,26,aanderson@trevino.biz
Anne Brown,,Canada,06/06/1974,38,joshua18@byrd.com
George Bradford,female,usa,13/10/1970,57,kgreen@yahoo.com
Brian Rodriguez,F,U.S.,31/07/2003,67,amy84@garcia.com
Danielle Copeland,female,United Kingdom,10-23-2000,52,dmartin@strong-benson.info
Laura Castro,M,Canada,17/05/1955,32,collinscrystal@clark-cummings.com
Kristopher Castro,Male,usa,23-04-1979,29,abowman@fisher.com
Kaitlyn Farrell,M,,2004/06/13,31,melvin22@gmail.com
Erica Johnson,FEMALE,USA,07-15-1986,,andrewgarcia@hotmail.com
Stephanie Gonzalez,Male,usa,09-17-1980,59,antoniogutierrez@yahoo.com
Sherri Richardson,FEMALE,usa,12/09/1967,32,henrydavid@ball.net
Douglas Miller,M,United Kingdom,26/10/1955,32,jocelyn03@hotmail.com
Phillip Clay,M,U.S.,08-10-1982,51,caleb01@yahoo.com
Jason Harrington,FEMALE,canada,2001/08/06,41,todd68@burton.com
Brittany Craig,M,UK,18/08/1983,55,terry54@yahoo.com
Laurie Barton,male,United States,08-11-1977,53,cgonzales@jones-perez.com
Alexander Morgan,F,canada,20/09/1966,55,parsonsgregory@hotmail.com
Matthew White,M,USA,1998/10/13,43,zwhite@yahoo.com
Joseph Moore,male,United States,02-01-1965,26,wellsjessica@yates.com
Joel Brown,,U.S.,07-21-1998,54,sarahgibson@yahoo.com
Christine Liu,,U.S.,1983/02/11,64,nortonchristopher@phillips.com
Andrew Golden,male,U.S.,10-12-1965,40,richardsandrew@hotmail.com
Rebecca Jones,F,United States,09-16-1958,24,lorimichael@miller-wells.info
Dr. Carol Garcia,F,USA,12/08/1979,49,christopherhunter@gmail.com
Kristen Davis,female,Canada,30-12-1979,32,anna98@yahoo.com
Dana Steele,F,United States,08-22-1964,69,jill58@yahoo.com
Aaron Scott,M,UK,21/08/2000,63,jacobpoole@webb.com
Carrie Douglas,,usa,04/02/2005,26,triciadavis@yahoo.com
David Lopez,F,,1962/02/20,Thirty,lauren14@grant-johnson.com
Andrew Todd,FEMALE,Canada,10-24-1990,21,samanthawilliams@yahoo.com
Whitney Wong,male,USA,17/10/1954,64,dianadaugherty@hotmail.com
Jacob Sampson,M,U.S.,27/11/1989,,tylersavage@watkins.com
Alvin Lawson,female,U.S.,05/09/1976,40,jyoung@melendez.net
Stephanie Gibson,M,United States,21/06/1991,19,tamara55@gmail.com
Alice Cox,FEMALE,United Kingdom,02-12-1986,64,aduran@melton.biz
Candice Shelton,M,United States,17/03/1980,19,johnnyhaynes@gmail.com
April Bartlett,female,USA,23-03-2005,33,ferrelljohn@scott-orr.biz
Nicholas Henry,Male,USA,1962/06/05,59,jonathan46@hotmail.com
Kathryn Lucas,FEMALE,usa,07-06-1988,40,pnelson@bowen-sanford.biz
Tiffany Ramirez,M,,1955/12/30,31,yshelton@bailey.info
Renee Fischer,female,,1995/08/01,40,kylejones@gmail.com
Larry Fuller,FEMALE,United States,03/02/1988,64,jdalton@yahoo.com
Sarah Henry,,,07-17-2002,18,wardwilliam@li-santos.org
Steven Gordon,female,Canada,02-27-1964,66,james07@miller-mills.com
Kristine Hart,Male,usa,10-10-1959,42,samantha75@gmail.com
Stephen Weber,male,USA,1961/10/02,57,wendy52@gmail.com
Karen Sullivan,,United Kingdom,1968/10/27,23,fbond@caldwell-eaton.com
Daniel Coleman,FEMALE,U.S.,2006/09/23,33,charles27@cox-marsh.info
Christopher Daugherty,Male,United States,2002/03/26,63,tylerdavis@hotmail.com
Monica Thompson,Male,,29-03-1999,57,josephkelly@hotmail.com
Mrs. Erica Murphy MD,M,UK,2006/02/14,57,dominiqueturner@jackson.com
David Marquez,F,USA,06/12/1971,39,graychristopher@washington-taylor.com
Brian Chen,,,04-10-1981,58,christopher91@castaneda.biz
Kiara Park,Male,UK,04-04-2006,40,deborahpowell@gmail.com
Samantha Miller,FEMALE,United States,08-18-1997,33,qbooth@gmail.com
Jeff Kramer,F,canada,1974/11/01,65,taylorgregory@gmail.com
Ana Moon,,,15/03/1984,35,wardjeffrey@yahoo.com
David Kelley,,UK,03-14-1999,18,brittany78@hotmail.com
Patricia Smith,FEMALE,United Kingdom,01/11/2000,53,james81@gonzales-rodriguez.info
Kelsey Salazar,female,USA,16/06/1991,61,ystewart@yahoo.com
Gary Snyder,Male,UK,08-16-1989,64,adrake@hoffman.com
Ashley Morris,Male,,26/06/1975,49,leonardkatherine@thompson.net
Victoria Kemp,Male,USA,16/07/1968,65,carlsonjeffrey@gmail.com
Nancy Perry,Male,Canada,12/01/2007,61,rileydavid@christensen-ware.info
Jason Rivera,,U.S.,19/05/1972,42,vmoody@yahoo.com
Tara Braun,,Canada,2005/09/09,25,lewisregina@yahoo.com
Jennifer Stevenson,F,canada,2000/09/13,55,thomastapia@weber.com
Debra Randall,M,United Kingdom,30/05/1965,28,pmartinez@schmitt-wilson.com
Michele Vang,,United States,21/01/2005,,dylanclark@diaz-davis.info
Kenneth Boyd,M,USA,02-08-1995,54,gmorrison@barnes.com
Bianca Middleton,male,canada,06/05/1972,36,gary58@gmail.com
Jennifer Brown,M,Canada,20/08/1977,49,leahhowe@hotmail.com
Austin Franklin,,,06-21-1974,28,dsavage@rivera-spence.net
Jimmy Conner,Male,United States,24-06-1996,46,jessicacooke@frazier-gibson.com
Sabrina Nelson,male,canada,15-07-1973,64,ztrevino@shepherd-anderson.com
Lawrence Burns,female,Canada,1984/07/10,22,rebecca60@york-crane.com
Sean Hunt,F,,28/01/1985,Twenty Five,vunderwood@holt.com
Mrs. Angela Allen,male,United Kingdom,1968/01/10,22,anthonyvincent@yahoo.com
Kevin Ramos,M,United States,05-08-1989,50,morgan63@mcgee.biz
Rebecca Cain MD,M,United Kingdom,07-22-1992,66,lauren24@gmail.com
Theresa Gomez,female,Canada,26/12/1979,36,lisa92@johnson-farley.com
Tammy Jenkins,Male,,30/06/1959,34,robinsonjulia@moran.com
Leah Williams,F,United Kingdom,24/01/1984,39,amandasnyder@gmail.com
Linda Jackson,male,,2005/08/14,,bailey91@watson.com
Lisa Rios,Male,United Kingdom,1991/06/16,68,alexander65@murphy.com
Elizabeth Hernandez,M,,15/11/1956,47,osmith@hudson-carter.com
Kenneth Medina,Male,United Kingdom,05-09-1998,58,salinasdavid@harper-gross.net
Sean Foster,F,U.S.,09-07-1973,41,ujohnson@fisher.com
Megan Perry,F,United States,1989/03/02,58,matthewluna@gonzalez.com
Eric Thomas,FEMALE,UK,27-06-1993,64,brian61@hotmail.com
Shannon Jimenez,M,U.S.,1980/02/14,35,igill@welch.com
Maria Warren,male,,13-12-1968,54,uwalker@gmail.com
Brittany Martin,female,U.S.,03-07-1956,,andersontabitha@hotmail.com
Catherine Butler,F,usa,1955/03/01,28,bradleyrobinson@yahoo.com
Debra Butler,female,usa,12-15-2006,58,bridgetlee@garcia.com
Dennis Rodriguez,female,Canada,20/08/1973,45,jesse33@gray.com
Hannah Myers,,canada,29/07/1990,23,qcohen@harris.com
Jennifer Tran,FEMALE,USA,06-23-1966,18,mitchellmelanie@blake.com
Sarah Ryan,,Canada,2001/03/14,66,woodsjames@adams-murphy.com
Brenda Montoya,female,,03-02-1978,67,pecksteven@flores-lynch.info
Angel Vaughn,M,,11-10-1958,55,carlosrodriguez@yahoo.com
Mario Coleman,female,canada,1996/12/04,54,knightrichard@hotmail.com
Jacob Eaton,M,Canada,18/12/1970,Thirty,herringamanda@phillips.net
Richard Velazquez,Male,,01-06-1995,51,howard05@garcia.org
Ashley Mcgee,male,USA,02-07-1992,54,smills@mitchell-keith.com
Mark Powell,,canada,13/02/1989,18,vickiestrong@yahoo.com
Natasha Barrera,Male,U.S.,23-11-1984,60,powersscott@campbell.com
Frank Sanchez,F,UK,11-04-1978,38,renee63@gmail.com
Mark Ryan,,USA,08/07/1981,43,edwardsryan@conley.net
Craig Pena,male,Canada,10-05-1970,60,elizabethstewart@horton.com
Jane Martin,male,United States,01-31-1985,,michellejackson@lozano.com
Kathleen Collins,FEMALE,United Kingdom,02-10-1979,28,narcher@hotmail.com
Patricia Sanchez,male,United States,09-10-2004,63,coreygarcia@castro.org
Matthew Foster,M,USA,07-05-2004,Thirty,davidevans@yahoo.com
Linda Todd,F,,1985/06/07,40,qbaker@rojas-nicholson.org
Dawn Horton,,usa,12-06-1972,53,lgarcia@yahoo.com
Billy Graham,male,Canada,1977/06/17,69,randallwendy@wall-garcia.com
Mary Giles,FEMALE,canada,05/07/1955,68,kaitlyn18@meadows.net
Thomas Gonzalez,FEMALE,United Kingdom,11-28-2004,27,tvelez@yahoo.com
Scott Parsons,,UK,1995/02/27,20,petersonchristopher@yahoo.com
Robert Ramirez,M,United States,16-11-2000,66,andreagibson@alvarez-miller.com
Patricia Ward,FEMALE,usa,1976/11/19,59,reyesmatthew@yahoo.com
Amanda Gordon,,UK,1975/12/27,69,charles50@yahoo.com
Carrie Nolan,female,United Kingdom,1974/04/23,63,ksmith@gmail.com
David Sawyer,FEMALE,United States,07-04-1957,67,pconner@hotmail.com
Erika Gregory,F,USA,06-07-1985,Thirty,heathermarshall@hotmail.com
Jennifer Brown,F,canada,22-05-1961,Thirty,smithrodney@hampton.com
Mr. George Williams,,usa,23-08-1989,45,bmills@roth.com
Ashley Sanchez,F,canada,02-27-2004,39,laurenallen@yahoo.com
Jessica Griffin,,,19/12/1965,Twenty Five,stephanie45@hill.com
William Rivera,,usa,1992/08/18,38,williamsamanda@shah.com
Joshua Russell,Male,United States,1955/07/16,19,max90@gmail.com
Alexandra Rowe,FEMALE,U.S.,06-04-1979,44,downserica@yahoo.com
Jason Ward,M,USA,27/05/1993,68,jasonwarren@hotmail.com
Rodney Bowers,female,USA,1961/11/08,40,jensenmichael@yahoo.com
Cody Barnes,,usa,11-21-1960,21,jordangibbs@yahoo.com
Brad Hogan,female,canada,04/07/1972,61,robertclark@gmail.com
Wendy Simmons,FEMALE,UK,03-08-1994,29,diazanthony@novak-bradley.com
Whitney Roberts,Male,UK,17/03/2001,30,tsmith@perez.info
Vickie Noble,female,usa,02/06/1958,24,garygreer@gmail.com
Joann Johnston,Male,USA,19/10/1980,19,jonathanfinley@kramer-edwards.com
Colleen Bradley,male,,17-03-1956,38,josephbrooks@yahoo.com
Tina Perez,female,United Kingdom,09-20-1954,48,qanderson@valentine.com
Jeanette Summers,Male,USA,07-11-2004,68,patricia79@hotmail.com
Amanda Greene,,Canada,01-01-1999,59,kyle24@yahoo.com
Michael George,F,usa,12-09-1985,39,tylerdavid@doyle.biz
Eduardo Shields,FEMALE,usa,04-28-1961,20,frank34@gmail.com
Daniel Ray,male,United Kingdom,04/02/1965,20,martinezsarah@mitchell.com
David Reeves,Male,,11/06/1992,28,yusharon@gmail.com
Nicholas Lawson,F,United States,1975/11/17,29,colemanstefanie@watkins.net
Nathaniel Gamble,,United States,1957/01/03,57,pauldiaz@watson.net
Tamara Anthony,FEMALE,USA,07-29-1994,58,garciaangela@gmail.com
Justin Thomas,M,,30-11-1959,32,jared69@brewer.com
Nicole Taylor,male,Canada,20/04/1970,28,robincruz@mathews.net
Miguel Lewis,male,canada,1988/12/10,28,melissa54@hall.org
Ashley Reynolds,female,UK,02/03/1961,54,murphydanny@ponce-davis.com
Amy Myers,male,,31-05-1964,28,davidtaylor@hotmail.com
Julie Payne,F,USA,04-07-1970,63,jeffcabrera@yahoo.com
Edward Cole,,United States,1968/01/01,19,kristi37@hotmail.com
Daniel Hudson,Male,canada,18-02-1978,20,peter29@hotmail.com
Robert Franklin MD,Male,usa,1992/10/07,67,torresmolly@gmail.com
Dylan Edwards,male,,13-10-1978,44,wpennington@armstrong.net
Nicole Brown,female,canada,1996/09/03,26,brivera@hotmail.com
Jason Pope,FEMALE,United Kingdom,1957/03/27,52,browndesiree@hotmail.com
Bailey Vaughn,female,usa,1955/03/18,44,lewisbianca@garcia-white.com
Crystal Hull,F,canada,14-12-1971,45,brentmoreno@gmail.com
Beverly Vazquez,female,U.S.,02-17-1999,42,sanchezmorgan@gmail.com
Shane Henry,male,,1971/09/16,59,tranheidi@moore-snyder.org
Amber Parker,female,,08-12-1993,Twenty Five,zcarlson@yahoo.com
Mark Patel,FEMALE,Canada,18/08/1958,52,matthewpetersen@hotmail.com
Scott Hamilton,Male,UK,1974/02/18,35,julia31@yahoo.com
Brian Ortiz,Male,canada,08-06-1990,58,jason73@mills-diaz.com
Karen Frazier,Male,United Kingdom,08-08-1965,27,joseph66@johnson.com
Gary Simmons,M,,14-05-2003,67,adamsthomas@hotmail.com
Susan Johnson,female,,03-17-1996,24,rachelhardy@taylor-carter.info
Benjamin Thomas,M,UK,06-09-1967,28,alexanderlove@hill-chandler.com
Robert Waller,male,canada,08-23-1998,44,jacksonmichelle@ross.com
Sherri Le,male,Canada,23-01-1970,41,cbrown@yahoo.com
Daniel Rodriguez,FEMALE,United States,03/03/1991,67,courtneyjoseph@charles.com
Amy Krueger,female,United Kingdom,02-04-1973,30,danielfrank@gomez-graham.com
Joseph Christian,FEMALE,United States,17/07/1983,36,cassie89@brown.org
Mary Wood,female,USA,21/10/1971,53,joshua55@gmail.com
Jeremy Wilson,female,USA,02-20-2004,35,frankperry@king.net
Alexandra Brock,female,U.S.,24/07/1958,26,johnstonjennifer@yahoo.com
Nicole Bowen,male,usa,17/12/1996,28,anavarro@rubio.com
Mark Ramos,Male,,08-08-1975,47,whitakersean@soto.com
Tammy Peters,Male,usa,04-23-1972,52,heather46@johnson.com
Joan Smith,M,United Kingdom,1983/05/28,28,schwartzerica@yahoo.com
Shannon Adams,male,U.S.,1981/08/04,32,jennifermurphy@hotmail.com
James Wolf,Male,United Kingdom,1973/03/19,Thirty,williamavila@hotmail.com
Amanda Henry,female,canada,25/01/1971,63,ethan27@williams.biz
Mark Johnson,,canada,03-02-1996,69,diana93@yahoo.com
Mr. Michael Norris,,,04/05/1960,28,jeffrey90@gmail.com
Joel Lee,FEMALE,United Kingdom,10/12/1973,52,jonesellen@savage-simpson.info
Megan Sullivan,M,United States,06-08-1986,65,veronicawarren@heath.com
Cassidy Knight,M,United Kingdom,07/12/1995,33,tharvey@yahoo.com
Jennifer Moore,female,canada,02-12-1974,48,lnoble@gmail.com
Katherine Ruiz,F,Canada,05-03-2003,44,sharon91@hotmail.com
Paul Zavala,,usa,1985/10/18,27,xbrewer@hotmail.com
Mr. David Cunningham,Male,United Kingdom,16-03-1994,62,diana20@silva.net
Renee Webb,,U.S.,08-08-1966,35,bbell@miles.com
Randy Pearson,M,United States,06-09-1957,23,hcarlson@yahoo.com
Carrie Obrien,,USA,28-10-1958,25,stephanie72@allen.net
Amy Cole,FEMALE,UK,06/11/1976,24,browndonna@prince.com
Jennifer Hammond,M,UK,03/12/1954,55,lauren18@gmail.com
Neil Fuller,M,Canada,12-02-1998,69,annchoi@wright.com
Jay King,,U.S.,1964/09/04,53,susan12@ortiz.com
Tara Francis,F,usa,2004/02/11,19,karenbrown@gmail.com
Robert Murphy,,United States,02-27-1997,56,jonathan01@hall-nelson.org
Monica Harmon,M,U.S.,06-14-1963,63,michael45@brown.com
Steven Taylor,M,,02/02/1977,19,charlesreed@jones.net
Tyler Mason,F,United States,12-27-2006,28,garrettjason@hotmail.com
Tonya Wagner,female,USA,05-21-1984,69,theresa95@higgins-terry.org
Shelby Johnson,Male,,12/02/1983,32,paul53@rosales.biz
Michelle Mcclure,F,UK,12-08-2002,48,carlosbennett@white.com
Tina Curtis,F,usa,28/04/1961,Twenty Five,eric57@morgan-michael.com
Jessica Jackson,F,UK,12-29-1984,48,itaylor@gomez.com
Erika Harris,FEMALE,United States,2002/09/28,52,christina17@hotmail.com
Shelly Carr,FEMALE,United States,22/05/1955,,ejones@gmail.com
Matthew Pope,F,United States,12-24-1994,22,nathan44@smith.biz
Melvin Knapp,Male,UK,06-07-2001,54,ialvarez@newman.info
Mr. David Brown,female,United Kingdom,02-09-1961,34,ortizmelissa@hotmail.com
Elizabeth Hughes,female,U.S.,02-06-1990,36,sarahlarson@terrell-chavez.com
Amber Hicks,male,canada,01-04-1987,26,mary75@hotmail.com
Marissa Garcia,M,USA,1965/11/04,55,ewashington@coleman-hines.com
Timothy Doyle,F,U.S.,11-04-1980,20,catherinejohnson@hotmail.com
Vanessa Osborne,,,06-27-1967,63,amanda26@sexton.com
Timothy Nicholson,M,usa,06-03-1964,53,qdyer@yahoo.com
Samuel Villanueva,FEMALE,canada,20-07-2006,61,lisa64@gmail.com
Jimmy Lewis,Male,U.S.,1975/10/26,49,avalencia@willis.biz
Alan Reid,,Canada,05/05/1959,32,sarah32@johnston.com
Robert Moore,Male,UK,06/06/1998,50,waltontodd@hotmail.com
Eric Ramos,FEMALE,usa,24-06-1972,37,courtneyhuff@torres-lopez.com
Michael Bell,F,,1987/01/19,65,brookeclark@yahoo.com
Robin Henry,FEMALE,,1977/08/02,32,connie57@yahoo.com
Jessica Jones,FEMALE,U.S.,08-16-1960,60,cindy57@gmail.com
Jeremy Lucas,,canada,12/06/1991,42,oweaver@gomez.org
Jonathan Coleman,F,United States,04-11-2000,43,zachary83@medina.biz
Anthony Flores,FEMALE,United Kingdom,09-26-1957,32,williamsmith@hotmail.com
Lisa Russell,M,canada,28/01/1987,45,kellywright@gmail.com
Nancy Jarvis,FEMALE,canada,06-06-2006,67,jacob95@gmail.com
Jason Ward,M,USA,27/05/1993,68,jasonwarren@hotmail.com
Natasha Barrera,Male,U.S.,23-11-1984,60,powersscott@campbell.com
David Diaz,Male,Canada,1974/11/05,42,ejones@long-benton.net
Nicole Bowen,male,usa,17/12/1996,28,anavarro@rubio.com
Emily Sanchez,FEMALE,,19/08/2005,27,nathan02@smith.biz
Brittney Lopez,FEMALE,canada,04-03-1995,38,eric29@yahoo.com
Amy Cole,FEMALE,UK,06/11/1976,24,browndonna@prince.com
Carl Osborne,M,usa,25-07-1981,20,tperez@yahoo.com
Paul Gomez,male,U.S.,08-28-2005,42,johnsonlaura@ferguson-wilson.com
Cynthia Williams,,,10-05-1960,69,cabreramonica@hotmail.com
Lisa Mccormick,,United States,26/08/2002,,dpalmer@hotmail.com
Gregory Carney,Male,,04-01-1996,62,kingdalton@gmail.com
Penny Moore,male,Canada,23/01/1988,37,perezjasmine@wang.com
Stephanie Moore,male,Canada,11-10-1970,Twenty Five,gillbrian@steele.info
Sean Foster,F,U.S.,09-07-1973,41,ujohnson@fisher.com
Gregory Carney,Male,,04-01-1996,62,kingdalton@gmail.com
Megan Lopez,FEMALE,usa,25/01/1978,67,michael94@gmail.com
Michael Larson,M,,10-08-1981,61,martinpatricia@yahoo.com
Rodney Bowers,female,USA,1961/11/08,40,jensenmichael@yahoo.com
Vickie Noble,female,usa,02/06/1958,24,garygreer@gmail.com
,,,,,
,,,,,
,,,,,
,,,,,
,,,,,
,,,,,
,,,,,
,,,,,
,,,,,
,,,,,
